[
    {
        "quote": "We really wish you’d come and be the witness of our once in a lifetime experience. Kindly help us to prepare the warmest welcome in our celebration",
        "quote_src": "-",
        "bride": "Ruth Elysia",
        "bride_img": "https://storage.wedew.id/uploads/public/638/764/8a0/thumb_1979204_240_240_0_0_crop.jpeg",
        "bride_nick": "Ruth",
        "bride_mother": "Mrs. Sri Redjeki Susilorini",
        "bride_father": "Mr. Eko Handojo",
        "groom": "Irwandi",
        "groom_img": "https://storage.wedew.id/uploads/public/638/84f/99a/thumb_1980254_240_240_0_0_crop.jpeg",
        "groom_nick": "Irwandi",
        "groom_mother": "Mrs. Herawaty",
        "groom_father": "Mr. Lie A Tjui",
        "matrimony_name": "Holy Matrimony",
        "matrimony_date": "2023-01-01 07:00:00.000 +0700",
        "matrimony_time_start": 1,
        "matrimony_time_end": 10,
        "ceremonial_name": "Wedding Reception",
        "ceremonial_date": "2023-01-01 07:00:00.000 +0700",
        "ceremonial_time_start": 2,
        "ceremonial_time_end": 20,
        "map_location": "location",
        "address_ceremonial": "Sampit",
        "address_matrimony": "Hektip",
        "photo": "https://storage.wedew.id/uploads/public/638/763/fa5/thumb_1979197_0_600_0_0_auto.jpeg",
        "story": "story",
        "story_img": "https://storage.wedew.id/uploads/public/639/03d/24c/thumb_1987950_0_600_0_0_auto.jpeg",
        "wallet_bank": "Mandiri",
        "wallet_no": 12345678,
        "wallet_owner": "Ruth Elysia",
        "MusicId": 1,
        "OrderId": 1
    }
]