[
    {
        "band": "Stephen Sanchez",
        "song": "Until I Found You",
        "song_src": "https://hariistimewa.com/virafahri/images/Sanchez.mp3"
    },
    {
        "band": "Depapepe",
        "song": "one",
        "song_src": "https://hariistimewa.com/ericfransiscawedding/images/one.mp3"
    },
    {
        "band": "Christian bautista",
        "song": "Since I Found You",
        "song_src": "https://hariistimewa.com/dennisemellisa/Since-I-Found-You-Christian-Bautista.mp3"
    },
    {
        "band": "Ardhito Pramono",
        "song": "I Just Couldn’t save you",
        "song_src": "https://hariistimewa.com/dikardijourney/Ardhito-Pramono-I-Just-Couldnt-Save-You.mp3"
    },
    {
        "band": "Kahitna",
        "song": "Menikahimu",
        "song_src": "https://hariistimewa.com/andrevena/images/Menikahimu.mp3"
    },
    {
        "band": "Jasmine Thompson",
        "song": "You Are my sunsine",
        "song_src": "https://hariistimewa.com/astrikhairul/images/You-Are-My-Sunshine.mp3"
    }
]